"Project Name",Status,Location,"End Use","Electrolyser Capacity (MW)","Project Capacity (Tonnes H2 P.A.)","More Info"
"IOCL, L&T and ReNew - Green Hydrogen at Mathura Refinery",Announced,"Uttar Pradesh - Mathura","Blending with Grey Hydrogen",31.900,5000.000,https://www.iocl.com/NewsDetails/59319
"IOCL, L&T and ReNew - Green Hydrogen at Panipat Refinery",Announced,"Haryana - Panipat","Blending with Grey Hydrogen",31.900,7000,https://www.iocl.com/NewsDetails/59319
"BPCL - Green Hydrogen Pilot","Under Construction","Madhya Pradesh - Bina",Refinery,20.000,3102.500,https://powerline.net.in/2021/11/24/bpcl-plans-to-install-indias-largest-green-hydrogen-unit/
"HPCL - Green Hydrogen Plant",Active,"Andhra Pradesh - Visakhapatnam",Refinery,2.400,370.000,https://psuwatch.com/hpcl-commission-370-tonne-per-annum-capacity-green-hydrogen-plant-december-2022-vizag-refinery-cmd/
"GIPCL Gujarat - 10+5 MW Green Hydrogen Project",Announced,Gujarat,"Chemical Industry",15.000,2354.200,https://www.gipcl.com/tenderdetail.htm?460/TenderDetail
"GAIL - Vijaipur PEM Electrolyser Project","Under construction","Madhya Pradesh - Guna","Blending with Natural Gas",10.000,1569.500,https://gailonline.com/PressRelease12052022.html
"OIL India - Jorhat Pump Station AEM Electrolyser",Commissioned,Assam,"Blending with Natural Gas",0.100,3.600,https://www.pib.gov.in/PressReleasePage.aspx?PRID=1818482
"NTPC - City Gas at NTPC Kawas",Commissioned,"Gujarat - Surat","Blending with Natural Gas",0.050,0.700,https://ntpc.co.in/media/press-releases/ntpc-starts-indias-first-green-hydrogen-blending-operation-png-network
"THINK Gas - City Gas",Announced,"Madhya Pradesh","Blending with Natural Gas",5.000,550.000,https://www.think-gas.com/admin/wp-content/uploads/2022/08/II-Oil-Gas_New-2.pdf
"NTPC - Green Hydrogen for Green Methanol from CC Vindhyachal","Under construction","Madhya Pradesh - Vindhyachal","Methanol production",5.000,730.000,https://www.ntpc.co.in/sites/default/files/esg/NTPC-ESG-Presentation-10-08-2022.pdf
"ACME - Green Hydrogen and Green Ammonia Plant Rajasthan",Commissioned,"Rajasthan - Bikaner",Fertilizers,2.100,314.000,
"NTPC - Green Hydrogen for Fuel Cell Microgrid Simhadri","Under construction","Andhra Pradesh - Visakhapatnam",Microgrid,0.240,37.600,https://www.ntpc.co.in/en/ntpc-awards-india%E2%80%99s-first-green-hydrogen-microgrid-project
"NTPC - Green Hydrogen for Ladakh Fuelling Station",Commissioned,"Ladakh - Jammu and Kashmir",Mobility,0.206,29.200,https://www.ntpc.co.in/sites/default/files/esg/NTPC-ESG-Presentation-10-08-2022.pdf
"Hygenco Heartland Ujjain Hydrogen Plan",Commissioned,"Madhya Pradesh - Ujjain - Makone",Research,0,0,https://www.eqmagpro.com/hygenco-installs-indias-first-truly-green-hydrogen-demonstration-plant-in-ujjain-eq-mag-pro/
"NTPC - Green Hydrogen for Green Methanol from CC Ramagundam",Announced,"Telangana - Ramagundam","Methanol production",23.300,3650.000,https://ntpcrel.co.in/verticals/green-hydrogen/
"NTPC and GACL - Green Methanol and Ammonia",Announced,Gujarat,"Green Methanol",0,0,https://samvaad.ntpc.co.in/Home/Details/44276/Top%20Stories
"Mahagenco - Bhusawal Green Hydrogen Project ",Announced,"Maharashtra - Bhusawal","Blending with Grey Hydrogen",0.100,15.750,https://www.mahagenco.in/eerteels/2022/07/tender-document-for-green-H2-web-posting-1.pdf
"Ayana and Greenstat - Green Hydrogen Pilot",Announced,"Karnataka - Bangalore","Demo Plant",0,0,https://greenstat-india.com/niif-backed-ayana-renewable-power-partners-with-norway-based-greenstat-hydrogen-india-to-jointly-develop-green-hydrogen-projects-with-installation-of-an-initial-pilot-plant-in-bengaluru-karnataka/
"Fusion Fuel Green BGR Energy JV Hydrogen Plant",Announced,"Tamil Nadu - Cuddalore",NA,1,142,https://www.saurenergy.com/solar-energy-news/fusion-fuel-green-partners-with-bgr-energy-to-develop-green-hydrogen-projects-in-india
"Adani and TotalEnergies - Green Hydrogen Ecosystem",Announced,Gujarat,NA,0,0,
"NTPC, Ohmium and Spirare Energy - NETRA campus",Announced,"Uttar Pradesh - Greater Noida","Energy Storage",0.330,52.000,https://www.ohmium.com/news/ohmium-and-spirare-energy-collaborate-with-ntpc-netra-r-d-wing-to-provide-green-hydrogen-to-ntpc-for-indias-green-hydrogen-grid-project
"Shell - Bengaluru Green Hydrogen Project",Commissioned,"Karnataka - Bangalore","Green Hydrogen ",1.000,219000,https://truckandbusbuilder.com/article/2022/08/08/ceres-and-shell-to-trial-hydrogen-production-in-india
"Renew Power - Madhya Pradesh Green Hydrogen Plant",Announced,"Madhya Pradesh","Green Hydrogen ",352.113,50000.000,https://www.pv-magazine-india.com/2021/11/23/renew-power-wants-to-set-up-50-kiloton-green-hydrogen-plant-in-madhya-pradesh/
"ISA and NDDB - Varanasi Ramnagar Green Hydrogen Project",Announced,"Uttar Pradesh - Varanasi",NA,0,0,https://www.eqmagpro.com/mix-of-solar-and-biogas-to-produce-green-hydrogen-at-varanasis-ramnagar-dairy-eq-mag-pro/
"ONGC and Greenko - JV Green Hydrogen Project",Announced,"Andhra Pradesh","Ammonia Production",1300.000,184600.000,https://greenkogroup.com/assets/Pressrelease/09%20ONGC%20-%20Greenko%2026-Jul-2022.pdf
"Greenko - Green Hydrogen Production Plans",Announced,NA,"Ammonia production",3440.000,540000.000,https://economictimes.indiatimes.com/industry/renewables/india-to-export-green-energy-to-singapore-from-2025-greenko-keppel-sign-hydrogen-mou/articleshow/95076960.cms?from=mdr
"NTPC - Green Hydrogen from Solar",Announced,"Gujarat - Khavda, Rann of Kutch",NA,0,0,https://www.constructionworld.in/energy-infrastructure/power-and-renewable-energy/ntpc-to-set-up-4.75-gw-solar-park-in-rann-of-kutch/28336
"NITK Surathkal - Seawater Electrolysis Pilot",Announced,"Karnataka - Surathkal",Research,0,0,https://timesofindia.indiatimes.com/city/mangaluru/nitk-project-aims-at-producing-green-hydrogen-from-seawater/articleshow/91405674.cms
"NHPC - Green Hydrogen Production Pilot",Planned,"Himachal Pradesh - Chamba",Mobility,0.0514,7.300,http://www.nhpcindia.com/Default.aspx?id=97&amp;lg=eng&amp;
"L&amp;T - Green Hydrogen Plant",Commissioned,"Gujarat - Hazira","Heavy Industry",0.8000,113600,https://www.larsentoubro.com/pressreleases/2022-08-20-lt-commissions-green-hydrogen-plant-at-its-manufacturing-complex-in-hazira/
"IOCL - Kochi Airport Green Hydrogen Production",Announced,"Kerala - Kochi","Fuel Cell Buses",0,0,https://www.newindianexpress.com/cities/kochi/2021/nov/02/accelerating-a-greendrive-for-kochi-2378482.html
"IOCL - Jodhpur Refinery Green Hydrogen Production",Announced,"Rajasthan - Jodhpur",NA,0,0,https://www.zeebiz.com/companies/news-iocl-will-produce-green-hydrogen-at-jodhpur-refinery-shrikant-madhav-vaidya-chairman-157181
"Hygenco and Jindal Stainless Limited - Green Hydrogen Plant",Announced,Haryana,"Steel production",0.528,75.000,https://www.thebetterindia.com/341870/hygenco-first-green-hydrogen-plant-in-india-maharashtra-amit-bansal-solar-wind-energy/
"Hero Future Energies and Ohmium - Green Hydrogen Partnership",Announced,NA,NA,0,0,https://www.ohmium.com/news/hero-future-energies-and-ohmium-international-announce-strategic-partnership
"GH2 Solar (Uneecops Technologies) - Green Hydrogen Pilot",Announced,NA,NA,0.050,7.870,https://www.pv-magazine-india.com/2022/06/29/green-hydrogen-pilot-project-targeting-fuel-dispensation-at-700-bar/
"BPCL - Odisha Green Hydrogen Plants",Announced,Odisha,NA,0,0,https://bharatpetroleum.in/pdf/Final-Press-release-bec775.docx
"Avaada Energy - Green Ammonia Plant",Announced,"Rajasthan - Kota","Ammonia production",1267.606,180000.000,https://avaadaenergy.com/wp-content/uploads/2022/08/Press-Release-Avaada-signs-MoU-with-Rajasthan-for-Rs-40000-crore-renewable-energy-plant-1.pdf
"Advik Hi-Tech and Pure Hydrogen - Hydrogen Supply JV",Announced,NA,Mobility,0,0,
"Adani and Maire Tecnimont - Green Hydrogen Projects JV",Announced,NA,NA,0,0,
"ACME - Green Hydrogen and Green Ammonia Project Tamil Nadu",Announced,"Tamil Nadu - Thoothukudi","Green Ammonia",1500.000,213000.000,
"ACME - Green Hydrogen and Green Ammonia Project Karnataka",Announced,"Karnataka - Mangaluru",NA,0,0,
"BPCL - Electrolyser and Blending",Announced,"Maharashtra - Ahmednagar and/or Aurangabad","Blending with Natural Gas",5.000,785.000,http://mercomindia.com:8080/bharat-petroleum-bids-5-mw-green-hydrogen-facility/
"MAHAPREIT - Green Hydrogen Production",Announced,"Maharashtra - Pune","GH2 Production",1.000,157.000,https://mahapreit.in/assets/uploads/tender-doc-107.pdf
"Reliance Industries - Green Hydrogen Ecosystem Gujarat",Announced,"Gujarat - Kutch",NA,0,0,https://www.ril.com/getattachment/cd4139ae-a1a6-45a2-afc6-f56c56a3668b/Reliance-Industries-signs-MoU-for-investment-of-Rs.aspx
"ReNew Power - Karnataka Green Hydrogen Projects",Announced,"Karnataka - Mangaluru","Ammonia production",1406.000,200000.000,https://www.livemint.com/companies/news/renew-power-signs-mou-to-invest-rs-50-000-cr-in-7-years-in-karnataka-11653410992618.html
"Avaada Energy - Green Ammonia Production",Announced,"Karnataka - Mangaluru","Ammonia production",1150.000,180000.000,https://www.argusmedia.com/en/news/2387218-firms-earmark-35bn-for-indian-green-h2-in-karnataka
"ABC Cleantech - Green Hydrogen and Ammonia",Announced,"Karnataka - Mangaluru","Ammonia production",1275.000,200000.000,
"Petronas - Green Ammonia Production",Announced,"Karnataka - Mangaluru","Ammonia production",575.000,90000.000,https://www.argusmedia.com/en/news/2387218-firms-earmark-35bn-for-indian-green-h2-in-karnataka
"JSW Green Hydrogen - Green Hydrogen/Ammonia","Under Construction","Karnataka - Mangaluru","Ammonia production",26.761,3800.000,https://www.argusmedia.com/en/news/2387218-firms-earmark-35bn-for-indian-green-h2-in-karnataka
"O2Power - Green Hydrogen/Ammonia",Announced,"Karnataka - Mangaluru","Ammonia production",0,0,https://www.argusmedia.com/en/news/2387218-firms-earmark-35bn-for-indian-green-h2-in-karnataka
"Jakson Green - Green Hydrogen and Ammonia",Announced,Rajasthan,"Ammonia production",0,65700.000,https://economictimes.indiatimes.com/industry/renewables/jakson-green-to-invest-rs-22400-cr-to-set-up-green-hydrogen-green-ammonia-project-in-rajasthan/articleshow/95073818.cms
"Keppel Corp & Greenko - JV Green Ammonia",Announced,NA,"Ammonia production",0,0,https://www.livemint.com/industry/energy/greenko-plans-green-ammonia-export-foray-with-singapore-s-keppel-11666689700775.html
"Avaada Energy - Green Hydrogen and Ammonia",Announced,"Madhya Pradesh","Ammonia production",0,0,https://www.dailypioneer.com/2022/state-editions/proposal-for-green-hydrogen-and-ammonia-production.html
"IH2A - Kochi Green Hydrogen (KGH2) Hub",Announced,"Kerala - Kochi",Mobility,150.000,22000.000,https://ih2a.com/announcements/ih2a-kerala-government-to-work-on-kochi-green-hydrogen-kgh2-hub/
"CPCL - Green Hydrogen Production at Chennai Refinery",Announced,"Tamil Nadu - Chennai",Refinery,0,0,"https://mercomindia.com/indian-oil-subsidiary-bids-green-hydrogen-chennai-refinery/ "
"WBPDCL - Green Hydrogen Plant Durgapur",Announced,"West Bengal - Durgapur",NA,0,0,https://www.outlookindia.com/national/west-bengal-planning-green-hydrogen-plant-in-durgapur-news-242217
"Greenko Una Hydrogen Project",Announced,"Himachal Pradesh - Una","Ammonia production",140.000,19.880,https://greenkogroup.com/assets/Pressrelease/18%20John%20Cockerill%20-%20Greenko%20(India%E2%80%99s%20first%20Green%20Ammonia%20plant%20to%20be%20commissioned%20by%20%E2%80%9824)%2002-Feb-2023.pdf
"Petronas - Green Hydrogen and Ammonia",Announced,"Tamil Nadu","Ammonia production",0,0,https://www.timesnownews.com/business-economy/industry/malaysian-petronas-scouting-for-10000-acres-land-in-tamil-nadu-to-set-up-proposed-green-hydrogen-plant-article-97317895
"Aditya Birla - Renewables and Green Hydrogen",Announced,Rajasthan,NA,0,0,
"Ocior - Gujarat MoU Green Hydrogen and Ammonia",Announced,"Gujarat - Kutch",NA,6371.000,1000000.000,https://ociorenergy.com/project-gujarat/
"Ocior - Odisha 1 MT Green Ammonia Plant",Announced,Odisha,"Ammonia production",0,1000000.000,https://ociorenergy.com/project-odisha/
"Thermax and FFI - Green Hydrogen Projects MoU",Announced,NA,NA,0,0,https://economictimes.indiatimes.com/industry/renewables/thermax-ties-up-with-fortescue-for-green-hydrogen-projects/articleshow/98551036.cms
"HPCL - Andhra Pradesh Green Hydrogen Project",Announced,"Andhra Pradesh",Refinery,46.500,7300.000,https://www.eqmagpro.com/indian-state-refiners-to-produce-30800-tonne-yr-green-hydrogen-by-2030-eq-mag/
"MRPL - Mangaluru Green Hydrogen Project",Announced,"Karnataka - Mangaluru",Refinery,3.521,500.000,https://www.eqmagpro.com/indian-state-refiners-to-produce-30800-tonne-yr-green-hydrogen-by-2030-eq-mag/
"NHPC - Kargil Green Hydrogen Pilot",Announced,"Ladakh - Kargil",Mobility,0,0,http://www.nhpcindia.com/Default.aspx?id=97&lg=eng&
"NHPC - Leh Green Hydrogen for Microgrid",Announced,"Ladakh - Leh",Microgrid,0.332,47.250,http://www.nhpcindia.com/Default.aspx?id=97&amp;lg=eng&amp;
"NTPC Green Hydrogen Mobility","Under construction","Greater Noida, UP",Mobility,1.600,94.900,https://static.pib.gov.in/WriteReadData/specificdocs/documents/2024/may/doc2024510336301.pdf
"Suzuki and Yamanashi - Hydrogen Manesar Project",Announced,NA,NA,0,0,https://www.globalsuzuki.com/globalnews/2022/0602a.html
"National Fertilizers Ltd. - Nangal Green Ammonia Plant",Decommissioned,"Punjab - Nangal",Fertilizers,149.000,0,https://documents1.worldbank.org/curated/en/579061468915012649/pdf/multi0page.pdf
"NTPC - AP Green Hydrogen Hub",Announced,NA,Export,0,547500.000,https://www.thehindubusinessline.com/companies/ntpc-to-install-20-gw-re-capacity-with-pumped-storage-at-ap-green-hydrogen-hub/article66799272.ece
"GH2 Solar and NHPC - Green Hydrogen Microgrid",Announced,NA,Microgrid,0,5.100,"https://www.pv-magazine-india.com/2023/04/21/gh2-solar-to-build-green-hydrogen-microgrid-in-leh/ "
"AVAADA &amp; Tata Steel Special Economic Zone Ltd (TSSEZL)",Announced,NA,"Ammonia production",0,1300000.000,https://energy.economictimes.indiatimes.com/news/renewable/avaada-group-tata-steel-special-economic-zone-to-set-up-green-hydrogen-ammonia-unit-in-odisha/103487660
"STL &amp; Hygenco GH2 Production Facility",Announced,NA,"GH2 Production",0,0,https://hydrogen-central.com/stl-among-the-first-indian-optical-companies-to-transition-to-green-hydrogen-for-sustainable-operations/
"REFPL - Odisha Green Hydrogen Project",Announced,"Malkangiri, Odisha","Methanol production",704.225,100000.000,https://energy.economictimes.indiatimes.com/news/renewable/odisha-approves-12-projects-with-investment-of-inr-84918-crore/105523997
"REFPL - Rayagada Odisha Green Hydrogen Project",Announced,"Rayagada, Odisha","Methanol production",0,300000.000,https://energy.economictimes.indiatimes.com/news/renewable/odisha-approves-12-projects-with-investment-of-inr-84918-crore/105523997
"Welspun New Energy Limited - Green Ammonia Project",Announced,NA,"Ammonia production",0,700000.000,https://www.icis.com/explore/resources/news/2023/11/30/10949434/india-s-odisha-state-approves-green-hydrogen-ammonia-methanol-projects/
"Sembcorp Green Hydrogen India - Green Ammonia Project Odisha",Announced,NA,"Ammonia Production",0,720000.000,https://www.icis.com/explore/resources/news/2023/11/30/10949434/india-s-odisha-state-approves-green-hydrogen-ammonia-methanol-projects/
"IIPE, NTPC: Green Hydrogen Project",Announced,"Simhadri, Andhra Pradesh","GH2 production using desalinated water",0.240,376.000,https://www.thehindu.com/news/cities/Visakhapatnam/iipe-in-visakhapatnam-launches-a-pilot-project-to-produce-green-hydrogen-using-ntpcs-desalinated-water/article67811250.ece
"Adani: Kutch Green H2 production capacity",Announced,NA,"Green Hydrogen production",5.000,0,
"BPCL- CIAL Green H2 plant",Announced,"Kochi Airport, Kerala","GH2 production and fuelling station",100.000,0,https://www.thehindu.com/news/cities/Kochi/cial-bpcl-sign-pact-for-green-hydrogen-plant/article67845038.ece
"GAIL- GH2 Project",Commissioned,"Vijaipur Complex, Madhya Pradesh","PEM electrolyser for GH2 producing unit",10.000,1570.542,https://hydrogen-central.com/india-gail-to-commission-its-first-green-hydrogen-project-in-april-sources-say/
"RIL, L&amp;T, Greenko, Welspun - Green Hydrogen &amp; Green Ammonia",Announced,NA,"Ammonia Production",0,"1400000.000 (7 MTPA of Green Ammonia ; 1.4 MTPA of GH2)",
"ReNew E-Fuels Private Limited - ReNew Paradip Green Ammonia Project",Announced,"Paradeep, Odisha","Green Ammonia Production",140.800,20000.000,https://www.pv-magazine-india.com/2024/02/19/the-hydrogen-stream-renew-begins-work-on-1-2-mmtpa-green-ammonia-plant-in-odisha/
"Torrent Power Limited - 100 KTPA Green Ammonia Production Project",Announced,NA,"Green Ammonia production",352.100,50000.000,https://www.pv-magazine-india.com/2024/01/17/torrent-power-commits-5-7-billion-investment-in-gujarat/
"ReNew Energy-JERA Green Ammonia Project",Announced,NA,"Green Ammonia Production",0,100000.000,https://www.renew.com/press-release/renew-partners-with-jera-to-evaluate-joint-development-of-green-ammonia-project-in-india
"SJVN Limited -NJHPS Multi-purpose GH2 Pilot Project",Commissioned,"Jhakri, Himachal Pradesh","Green Hydrogen generation",0.100,4.340,https://pib.gov.in/PressReleaseIframePage.aspx?PRID=2018824
"Tata Steel SEZ- Hygenco GNH3 and GH2 project",Announced,NA,"Green Ammonia and hydrogen production",0,1000000.000,https://www.ndtvprofit.com/business/tata-steel-sez-hygenco-sign-mou-for-green-ammonia-and-green-hydrogen-project-in-odisha
"INOX Air: GH2 for Asahi India Glass Limited",Announced,NA,"Green Hydrogen production",1.338,190.000,https://www.gasworld.com/story/inoxap-inks-20-year-supply-deal-for-indias-first-green-hydrogen-powered-float-glass-facility/2138454.article/
"NTPC - New Energy Park : Green Hydrogen Hub",Announced,"Pudimadaka, AP","PtX Products",3855.634,547500.000,"https://www.business-standard.com/article/companies/andhra-govt-clears-rs-1-10-trn-proposal-of-ntpc-for-new-energy-park-123020701823_1.html "
"ACME Gopalpur Hydrogen Project Phase 1",Announced,Odisha,"Green Ammonia production",0,0,
"Ocior Energy Andhra Pradesh Hydrogen Project",Announced,NA,"Green Ammonia production",0,0,
"Sembcorp Thoothukudi Hydrogen Project",Announced,NA,"Green Ammonia Production",0,0,
"Waaree Clean Energy Jagatsinghpur Hydrogen Project",Announced,NA,"Green Methanol Production",704.225,100000.000,
"NTPC Rajasthan Hydrogen Project",Announced,NA,"Green Hydrogen",0,0,
"Sadhana Nitro Chem Hydrogen Project",Announced,NA,"Green Hydrogen",20.000,2840.000,
"Essar Gujarat Hydrogen Project",Announced,NA,"Green Hydrogen",1000.000,142000.000,
"Greenzo Energy Sanand Hydrogen Project",Announced,NA,"Green Hydrogen",1.000,142.000,
"Torrent Power Gorakhpur Hydrogen Plant",Announced,NA,"Green Hydrogen",0,0,
"Erisha Gujarat Hydrogen Project",Announced,NA,"Green Hydrogen",0,0,
"Reliance Industries Tamil Nadu Hydrogen Project",Announced,NA,"Green Hydrogen ",0,0,
"CESC East Coast Hydrogen Project",Announced,NA,"Green Hydrogen ",0,10500.000,
"INOX Air Products Maharashtra Hydrogen Project",Announced,NA,"Green Ammonia Production",0,0,
"Fertilisers and Chemicals Travancore (FACT) Kochi Hydrogen Project",Announced,NA,"Green Hydrogen",0,0,
"Numaligarh Refinery Hydrogen Project Phase 1",Announced,NA,,0,2400.000,
"DVC Chandrapura Hydrogen Plant",Announced,NA,"Green Hydrogen",0,0,
"IH2A Bellary Hydrogen Project",Announced,NA,"Green Hydrogen ",30.000,5000.000,
"IH2A Gujarat Hydrogen Plant",Announced,NA,"Green Hydrogen ",40.000,8000.000,
"IH2A Maharashtra Hydrogen Project",Announced,NA,"Green Hydrogen",30.000,5000.000,
"IH2A Nellore Hydrogen Project",Announced,NA,"Green Hydrogen",30.000,5000.000,
"OIL India Himachal Pradesh Hydrogen Plant",Announced,NA,"Green Hydrogen",1.000,148.920,
"HLC Green Energy Kerala Hydrogen Project",Announced,NA,"Green Hydrogen",250.000,35500.000,
"HMWSSB Amberpet Hydrogen Project",Announced,NA,"Green Hydrogen",0,0,
"Statkraft Kandla Port Hydrogen Project",Announced,NA,"Green Hydrogen",0,0,
"HLC - Himachal Green Hydrogen and Ammonia Plant",Announced,"Himachal Pradesh","Green Ammonia",250.000,300000.000,https://www.outlookindia.com/outlook-spotlight/mou-with-hlc-green-energy-llc-for-green-hydrogen-and-green-ammonia-project-news-273736
"ReNew - GH2 Project Kerala",Announced,"Vizhinjam, Kerala","Ammonia production",2000.000,220000.000,https://energy.economictimes.indiatimes.com/news/renewable/renew-proposes-to-invest-rs-26400-crore-for-green-hydrogen-project-in-kerala/107213520
"Sembcorp - Green Hydrogen/Ammonia Plant","Announced ",NA,"Green Ammonia- Export to Japan",0,200000.000,https://www.sembcorp.com/media/tp3plzkl/thiru-mk-stalin-honble-chief-minister-of-tamil-nadu-lays-foundation-stone-for-sembcorps-green-ammonia-plant-in-turicorin.pdf
"NTPC Ramagundam Hydrogen Project ",Announced,NA,"Green Methanol production",0,0,
"MAHAPREIT Pune Hydrogen Project",Announced,NA,"Green Hydrogen",1,500,https://solarquarter.com/2022/06/03/mahapreit-floats-tender-for-1-mw-green-hdrogen-plant-in-maharashtra/
"ONGC Greenko JV Rajasthan Hydrogen Project",Announced,NA,"Green Ammonia",1300,180000,
"ONGC Mangaluru Hydrogen Project",Announced,NA,"Green Ammonia",1267.605,180000,https://timesofindia.indiatimes.com/city/mangaluru/allocate-green-hydrogen-project-to-mangaluru-chowta/articleshow/111326338.cms
"Gensol Matrix Pune Hydrogen Project",Announced,NA,"Green Hydrogen",0,0,https://economictimes.indiatimes.com/industry/renewables/gensol-matrix-to-set-up-indias-first-green-hydrogen-valley-project-in-pune/articleshow/113246573.cms?from=mdr
"Hygenco Prayagraj Hydrogen Project",Announced,NA,"Green Hydrogen",0,200000,https://energy.economictimes.indiatimes.com/news/renewable/uttar-pradesh-secures-1-15-lakh-crore-investments-for-green-hydrogen-ammonia-projects/113456828
"Trafalgar Square Lucknow Hydrogen Project",Announced,NA,"Green Hydrogen",0,10000,https://energy.economictimes.indiatimes.com/news/renewable/uttar-pradesh-secures-1-15-lakh-crore-investments-for-green-hydrogen-ammonia-projects/113456828
"Welspun New Energy Bulandshahr Hydrogen Project",Announced,NA,"Green Ammonia",0,0,https://energy.economictimes.indiatimes.com/news/renewable/uttar-pradesh-secures-1-15-lakh-crore-investments-for-green-hydrogen-ammonia-projects/113456828
"AM Green Ammonia Tuticorin Hydrogen Project",Announced,NA,"Green Ammonia - Export to Germany",0,0,https://www.rwe.com/-/media/RWE/documents/07-presse/rwe-supply-and-trading/2024/2024-09-18-rwe-and-am-green-ammonia-sign-mou-for-supply-of-rfnbo-compliant-ammonia-from-india.pdf
"Jindal Renewables Anugul Hydrogen Project",Announced,NA,"Green Hydrogen",0,4500,https://www.business-standard.com/companies/news/jspl-jrpl-sign-pact-to-invest-in-green-hydrogen-production-in-odisha-124091600426_1.html
"TANGEDCO Vayalur Green Hydrogen Project",Announced,NA,"Green Hydrogen",0.112,16.000,https://renewablewatch.in/2024/10/01/greenzo-energy-secures-tangedco-green-hydrogen-project/
"RBM Infracon Bhuj Hydrogen Project",Announced,NA,"Green Hydrogen",5.000,710.000,https://energy.economictimes.indiatimes.com/news/renewable/greenzo-energy-rbm-infracon-sign-200-crore-mou-for-15-mw-green-hydrogen-projects-in-gujarat/113938163
"RBM Infracon Jamnagar Hydrogen Project","Announced ",NA,"Green Hydrogen",5.000,710.000,https://energy.economictimes.indiatimes.com/news/renewable/greenzo-energy-rbm-infracon-sign-200-crore-mou-for-15-mw-green-hydrogen-projects-in-gujarat/113938163
"RBM Infracon Kutch Hydrogen Project",Announced,NA,"Green Hydrogen",5.000,710.000,https://energy.economictimes.indiatimes.com/news/renewable/greenzo-energy-rbm-infracon-sign-200-crore-mou-for-15-mw-green-hydrogen-projects-in-gujarat/113938163
"Hero Future Energies Karnataka Hydrogen Project",Announced,NA,"Green Hydrogen- Synthetic Fuels",0,0,
"VIBGYOR Group Bangalore Hydrogen Plant",Announced,NA,"Green Hydrogen- Transport",1.000,150.000,
"Ashoka Buildcon Bihar Hydrogen Project",Announced,NA,"Green Hydrogen",0,0,
"NHPC Bihar Hydrogen Project",Announced,NA,"Green Hydrogen-Transport",0,0,
"Waaree Renewable Technologies Maharashtra Hydrogen Project",Announced,NA,"Green Hydrogen- Transport",1.000,142.000,
"Karnataka Renewable Energy Development Ballari Hydrogen Project",Announced,NA,"Green Hydrogen",0.300,42.600,
"H2Earth India Hydrogen Project",Announced,NA,"Green Ammonia",0,0,
"Haryana City Gas Distribution Hydrogen Project",Announced,NA,Hydrogen,15.000,2.000,
"H2e Power Pune Hydrogen Project",Announced,NA,"Green Ammonia",0,0,
"NTPC Kandla Hydrogen Plant",Announced,NA,Hydrogen,1.000,142.000,
"SJVN Green Energy Assam Hydrogen Project",Announced,NA,"Green Hydrogen",25.000,3559.225,
"Waaree Clean Energy Valsad Hydrogen Project",Planned,NA,"Green Hydrogen",300.000,90000.000,
"Open Origin Maharashtra Hydrogen Project",Announced,NA,"Green Ammonia",0,0,
"NTPC Green Energy Chidambaranar Port Hydrogen Project",Announced,NA,"Green Hydrogen",0,0,
"Hero Future Energies Tirupati Hydrogen Plant",Commissioned,"Andhra Pradesh","Green Hydrogen",0.300,42.600,https://www.thehindubusinessline.com/companies/hero-future-energies-launches-green-hydrogen-plant-in-ap/article69290438.ece
"Spray Engineering Nalagarh Hydrogen Project Phase 1",Announced,"Himachal Pradesh","Green Hydrogen",30.000,4271.071,https://manufacturing.economictimes.indiatimes.com/news/energy/himachal-govt-inks-pact-for-rs-1400-cr-api-green-hydrogen-ethanol-facility/118789655
"Spray Engineering Nalagarh Hydrogen Project Phase 2",Announced,"Himachal Pradesh","Green Hydrogen",50.000,7118.451,https://manufacturing.economictimes.indiatimes.com/news/energy/himachal-govt-inks-pact-for-rs-1400-cr-api-green-hydrogen-ethanol-facility/118789655
"Shreetech Data Mayurbhanj Hydrogen Project","Announced ",NA,"Green Hydrogen",0,0,https://timesofindia.indiatimes.com/city/bhubaneswar/odisha-govt-approves-rs-165303-crore-investments-for-industrial-projects-across-seven-districts/articleshow/119631973.cms
"Rampur GH2 Project (Phase 1)",Commissioned,"Rampur, Uttar Pradesh","GH2 for Mentha Oil Industry and Sorbitol Manufacturing",1.250,145.000,
"Rampur GH2 Project Phase II","Under Construction","Rampur, Uttar Pradesh","GH2 for Mentha Oil Industry and Sorbitol Manufacturing",3.750,435.000,
"Malati Fine Chemicals Pune Hydrogen Project",Announced,Maharashtra,"Green Hydrogen",0,0,
"NTPC Renewable Sipat Hydrogen Project",Announced,Chattisgarh,"Green Hydrogen",2,284.7381,
"Juno Joule Energy Mulapeta Port Hydrogen Project",Announced,"Andhra Pradesh","Green Hydrogen",1267.606,180000,
"KPI Green Matar Hydrogen Plant",Planned,Gujarat,,1,157.468,
"ACME Gopalpur Hydrogen Project Phase 2",Planned,Odisha,"Green Ammonia",2000,284000,
"Oswal Energies Hydrogen Project",Announced,NA,"Green Hydrogen",1,142,
"SIGHT: Green Ammonia- Madhya Bharat Agro Products Limited-III SCC Infrastructure Pvt Ltd",Announced,"Dhule, Madhya Pradesh",Fertilizer,0,12320.000,https://nghm.mnre.gov.in/admin/uploads/1754957506485481754650574_Snapshot_for_Project-13_Mode2A_Tranche1.pdf
"SIGHT: Green Ammonia- Krishana Phoschem Limited- NTPC REL",Announced,"Meghnagar, Madhya Pradesh",Fertilizer,0,12320.000,https://nghm.mnre.gov.in/admin/uploads/1754967902854311754316577_Snapshot_for_Project-11_Krishna_Phoschem.pdf
